sample	fraction	dataset	depth_bin	zotus	recovered_NM0	recall
AD1_ont	0.004000	AD1_ont_frac0.004	10–<30	45	27	0.600000
AD1_ont	0.004000	AD1_ont_frac0.004	30–<100	11	9	0.818182
AD1_ont	0.004000	AD1_ont_frac0.004	100–<300	6	6	1.000000
AD1_ont	0.004000	AD1_ont_frac0.004	300–<1,000	1	1	1.000000
AD1_ont	0.012000	AD1_ont_frac0.012	10–<30	102	35	0.343137
AD1_ont	0.012000	AD1_ont_frac0.012	30–<100	42	38	0.904762
AD1_ont	0.012000	AD1_ont_frac0.012	100–<300	11	10	0.909091
AD1_ont	0.012000	AD1_ont_frac0.012	300–<1,000	5	5	1.000000
AD1_ont	0.012000	AD1_ont_frac0.012	≥1,000	1	1	1.000000
AD1_ont	0.037000	AD1_ont_frac0.037	10–<30	381	109	0.286089
AD1_ont	0.037000	AD1_ont_frac0.037	30–<100	97	78	0.804124
AD1_ont	0.037000	AD1_ont_frac0.037	100–<300	37	33	0.891892
AD1_ont	0.037000	AD1_ont_frac0.037	300–<1,000	13	11	0.846154
AD1_ont	0.037000	AD1_ont_frac0.037	≥1,000	5	5	1.000000
AD1_ont	0.111000	AD1_ont_frac0.111	10–<30	665	175	0.263158
AD1_ont	0.111000	AD1_ont_frac0.111	30–<100	353	279	0.790368
AD1_ont	0.111000	AD1_ont_frac0.111	100–<300	88	75	0.852273
AD1_ont	0.111000	AD1_ont_frac0.111	300–<1,000	37	32	0.864865
AD1_ont	0.111000	AD1_ont_frac0.111	≥1,000	16	16	1.000000
AD1_ont	0.330000	AD1_ont_frac0.33	10–<30	292	83	0.284247
AD1_ont	0.330000	AD1_ont_frac0.33	30–<100	726	504	0.694215
AD1_ont	0.330000	AD1_ont_frac0.33	100–<300	283	241	0.851590
AD1_ont	0.330000	AD1_ont_frac0.33	300–<1,000	88	77	0.875000
AD1_ont	0.330000	AD1_ont_frac0.33	≥1,000	51	46	0.901961
AD1_ont	1.000000	AD1_ont_frac1	10–<30	54	16	0.296296
AD1_ont	1.000000	AD1_ont_frac1	30–<100	333	231	0.693694
AD1_ont	1.000000	AD1_ont_frac1	100–<300	680	523	0.769118
AD1_ont	1.000000	AD1_ont_frac1	300–<1,000	293	259	0.883959
AD1_ont	1.000000	AD1_ont_frac1	≥1,000	128	115	0.898438
Soil1_ont	0.004000	Soil1_ont_frac0.004	10–<30	14	2	0.142857
Soil1_ont	0.004000	Soil1_ont_frac0.004	30–<100	2	1	0.500000
Soil1_ont	0.012000	Soil1_ont_frac0.012	10–<30	95	17	0.178947
Soil1_ont	0.012000	Soil1_ont_frac0.012	30–<100	11	10	0.909091
Soil1_ont	0.012000	Soil1_ont_frac0.012	100–<300	1	1	1.000000
Soil1_ont	0.037000	Soil1_ont_frac0.037	10–<30	668	87	0.130240
Soil1_ont	0.037000	Soil1_ont_frac0.037	30–<100	82	61	0.743902
Soil1_ont	0.037000	Soil1_ont_frac0.037	100–<300	9	9	1.000000
Soil1_ont	0.037000	Soil1_ont_frac0.037	300–<1,000	2	2	1.000000
Soil1_ont	0.111000	Soil1_ont_frac0.111	10–<30	1108	167	0.150722
Soil1_ont	0.111000	Soil1_ont_frac0.111	30–<100	634	327	0.515773
Soil1_ont	0.111000	Soil1_ont_frac0.111	100–<300	61	55	0.901639
Soil1_ont	0.111000	Soil1_ont_frac0.111	300–<1,000	9	9	1.000000
Soil1_ont	0.330000	Soil1_ont_frac0.33	10–<30	438	100	0.228311
Soil1_ont	0.330000	Soil1_ont_frac0.33	30–<100	1223	715	0.584628
Soil1_ont	0.330000	Soil1_ont_frac0.33	100–<300	522	401	0.768199
Soil1_ont	0.330000	Soil1_ont_frac0.33	300–<1,000	59	57	0.966102
Soil1_ont	0.330000	Soil1_ont_frac0.33	≥1,000	7	7	1.000000
Soil1_ont	1.000000	Soil1_ont_frac1	10–<30	62	23	0.370968
Soil1_ont	1.000000	Soil1_ont_frac1	30–<100	513	326	0.635478
Soil1_ont	1.000000	Soil1_ont_frac1	100–<300	1144	901	0.787587
Soil1_ont	1.000000	Soil1_ont_frac1	300–<1,000	541	469	0.866913
Soil1_ont	1.000000	Soil1_ont_frac1	≥1,000	54	51	0.944444
WWTP1_ont	0.004000	WWTP1_ont_frac0.004	10–<30	46	25	0.543478
WWTP1_ont	0.004000	WWTP1_ont_frac0.004	30–<100	7	7	1.000000
WWTP1_ont	0.012000	WWTP1_ont_frac0.012	10–<30	149	51	0.342282
WWTP1_ont	0.012000	WWTP1_ont_frac0.012	30–<100	40	39	0.975000
WWTP1_ont	0.012000	WWTP1_ont_frac0.012	100–<300	4	4	1.000000
WWTP1_ont	0.037000	WWTP1_ont_frac0.037	10–<30	523	152	0.290631
WWTP1_ont	0.037000	WWTP1_ont_frac0.037	30–<100	137	122	0.890511
WWTP1_ont	0.037000	WWTP1_ont_frac0.037	100–<300	38	38	1.000000
WWTP1_ont	0.037000	WWTP1_ont_frac0.037	300–<1,000	5	5	1.000000
WWTP1_ont	0.111000	WWTP1_ont_frac0.111	10–<30	946	245	0.258985
WWTP1_ont	0.111000	WWTP1_ont_frac0.111	30–<100	531	388	0.730697
WWTP1_ont	0.111000	WWTP1_ont_frac0.111	100–<300	108	100	0.925926
WWTP1_ont	0.111000	WWTP1_ont_frac0.111	300–<1,000	38	38	1.000000
WWTP1_ont	0.111000	WWTP1_ont_frac0.111	≥1,000	3	3	1.000000
WWTP1_ont	0.330000	WWTP1_ont_frac0.33	10–<30	528	151	0.285985
WWTP1_ont	0.330000	WWTP1_ont_frac0.33	30–<100	1022	672	0.657534
WWTP1_ont	0.330000	WWTP1_ont_frac0.33	100–<300	448	366	0.816964
WWTP1_ont	0.330000	WWTP1_ont_frac0.33	300–<1,000	108	100	0.925926
WWTP1_ont	0.330000	WWTP1_ont_frac0.33	≥1,000	36	36	1.000000
WWTP1_ont	1.000000	WWTP1_ont_frac1	10–<30	84	39	0.464286
WWTP1_ont	1.000000	WWTP1_ont_frac1	30–<100	619	408	0.659128
WWTP1_ont	1.000000	WWTP1_ont_frac1	100–<300	937	725	0.773746
WWTP1_ont	1.000000	WWTP1_ont_frac1	300–<1,000	455	391	0.859341
WWTP1_ont	1.000000	WWTP1_ont_frac1	≥1,000	136	130	0.955882
Zfecal1_ont	0.004000	Zfecal1_ont_frac0.004	10–<30	53	18	0.339623
Zfecal1_ont	0.004000	Zfecal1_ont_frac0.004	30–<100	7	5	0.714286
Zfecal1_ont	0.012000	Zfecal1_ont_frac0.012	10–<30	215	63	0.293023
Zfecal1_ont	0.012000	Zfecal1_ont_frac0.012	30–<100	49	42	0.857143
Zfecal1_ont	0.012000	Zfecal1_ont_frac0.012	100–<300	6	5	0.833333
Zfecal1_ont	0.037000	Zfecal1_ont_frac0.037	10–<30	414	115	0.277778
Zfecal1_ont	0.037000	Zfecal1_ont_frac0.037	30–<100	201	122	0.606965
Zfecal1_ont	0.037000	Zfecal1_ont_frac0.037	100–<300	44	40	0.909091
Zfecal1_ont	0.037000	Zfecal1_ont_frac0.037	300–<1,000	7	6	0.857143
Zfecal1_ont	0.111000	Zfecal1_ont_frac0.111	10–<30	594	124	0.208754
Zfecal1_ont	0.111000	Zfecal1_ont_frac0.111	30–<100	428	244	0.570093
Zfecal1_ont	0.111000	Zfecal1_ont_frac0.111	100–<300	165	118	0.715152
Zfecal1_ont	0.111000	Zfecal1_ont_frac0.111	300–<1,000	45	41	0.911111
Zfecal1_ont	0.111000	Zfecal1_ont_frac0.111	≥1,000	5	4	0.800000
Zfecal1_ont	0.330000	Zfecal1_ont_frac0.33	10–<30	348	78	0.224138
Zfecal1_ont	0.330000	Zfecal1_ont_frac0.33	30–<100	624	296	0.474359
Zfecal1_ont	0.330000	Zfecal1_ont_frac0.33	100–<300	393	251	0.638677
Zfecal1_ont	0.330000	Zfecal1_ont_frac0.33	300–<1,000	171	121	0.707602
Zfecal1_ont	0.330000	Zfecal1_ont_frac0.33	≥1,000	35	32	0.914286
Zfecal1_ont	1.000000	Zfecal1_ont_frac1	10–<30	55	16	0.290909
Zfecal1_ont	1.000000	Zfecal1_ont_frac1	30–<100	408	187	0.458333
Zfecal1_ont	1.000000	Zfecal1_ont_frac1	100–<300	569	315	0.553603
Zfecal1_ont	1.000000	Zfecal1_ont_frac1	300–<1,000	412	267	0.648058
Zfecal1_ont	1.000000	Zfecal1_ont_frac1	≥1,000	185	146	0.789189
