sample	fraction	abundance_bin	asv_observations	perfect_n	NM_1_n	NM_ge_2_n	unmapped_n	pooled_perfect_pct	pooled_wilson_95_ci_low_pct	pooled_wilson_95_ci_high_pct	subsamples_with_asvs	mean_subsample_perfect_pct	median_subsample_perfect_pct	min_subsample_perfect_pct	max_subsample_perfect_pct
AD1_ont	0.0040	0.1-<1%	16	16	0	0	0	100.0000	80.6392	100.0000	1	100.0000	100.0000	100.0000	100.0000
AD1_ont	0.0040	>=1%	27	27	0	0	0	100.0000	87.5445	100.0000	1	100.0000	100.0000	100.0000	100.0000
AD1_ont	0.0120	0.1-<1%	72	72	0	0	0	100.0000	94.9349	100.0000	1	100.0000	100.0000	100.0000	100.0000
AD1_ont	0.0120	>=1%	17	17	0	0	0	100.0000	81.5682	100.0000	1	100.0000	100.0000	100.0000	100.0000
AD1_ont	0.0370	0.02-<0.05%	7	7	0	0	0	100.0000	64.5670	100.0000	1	100.0000	100.0000	100.0000	100.0000
AD1_ont	0.0370	0.05-<0.1%	55	55	0	0	0	100.0000	93.4715	100.0000	1	100.0000	100.0000	100.0000	100.0000
AD1_ont	0.0370	0.1-<1%	162	160	1	1	0	98.7654	95.6109	99.6608	1	98.7654	98.7654	98.7654	98.7654
AD1_ont	0.0370	>=1%	18	18	0	0	0	100.0000	82.4121	100.0000	1	100.0000	100.0000	100.0000	100.0000
AD1_ont	0.1110	<0.02%	62	56	1	5	0	90.3226	80.4512	95.4888	1	90.3226	90.3226	90.3226	90.3226
AD1_ont	0.1110	0.02-<0.05%	244	227	4	13	0	93.0328	89.1267	95.6048	1	93.0328	93.0328	93.0328	93.0328
AD1_ont	0.1110	0.05-<0.1%	153	152	1	0	0	99.3464	96.3910	99.8845	1	99.3464	99.3464	99.3464	99.3464
AD1_ont	0.1110	0.1-<1%	128	126	2	0	0	98.4375	94.4819	99.5705	1	98.4375	98.4375	98.4375	98.4375
AD1_ont	0.1110	>=1%	16	16	0	0	0	100.0000	80.6392	100.0000	1	100.0000	100.0000	100.0000	100.0000
Soil1_ont	0.0040	>=1%	3	3	0	0	0	100.0000	43.8503	100.0000	1	100.0000	100.0000	100.0000	100.0000
Soil1_ont	0.0120	0.1-<1%	1	1	0	0	0	100.0000	20.6549	100.0000	1	100.0000	100.0000	100.0000	100.0000
Soil1_ont	0.0120	>=1%	28	28	0	0	0	100.0000	87.9357	100.0000	1	100.0000	100.0000	100.0000	100.0000
Soil1_ont	0.0370	0.1-<1%	139	138	1	0	0	99.2806	96.0376	99.8729	1	99.2806	99.2806	99.2806	99.2806
Soil1_ont	0.0370	>=1%	26	26	0	0	0	100.0000	87.1271	100.0000	1	100.0000	100.0000	100.0000	100.0000
Soil1_ont	0.1110	0.02-<0.05%	66	56	0	10	0	84.8485	74.3071	91.5564	1	84.8485	84.8485	84.8485	84.8485
Soil1_ont	0.1110	0.05-<0.1%	191	175	5	11	0	91.6230	86.8268	94.7781	1	91.6230	91.6230	91.6230	91.6230
Soil1_ont	0.1110	0.1-<1%	343	323	3	17	0	94.1691	91.1658	96.1940	1	94.1691	94.1691	94.1691	94.1691
Soil1_ont	0.1110	>=1%	5	5	0	0	0	100.0000	56.5518	100.0000	1	100.0000	100.0000	100.0000	100.0000
WWTP1_ont	0.0040	>=1%	33	33	0	0	0	100.0000	89.5730	100.0000	1	100.0000	100.0000	100.0000	100.0000
WWTP1_ont	0.0120	0.1-<1%	57	55	2	0	0	96.4912	88.0792	99.0324	1	96.4912	96.4912	96.4912	96.4912
WWTP1_ont	0.0120	>=1%	40	40	0	0	0	100.0000	91.2378	100.0000	1	100.0000	100.0000	100.0000	100.0000
WWTP1_ont	0.0370	0.02-<0.05%	1	1	0	0	0	100.0000	20.6549	100.0000	1	100.0000	100.0000	100.0000	100.0000
WWTP1_ont	0.0370	0.05-<0.1%	49	49	0	0	0	100.0000	92.7302	100.0000	1	100.0000	100.0000	100.0000	100.0000
WWTP1_ont	0.0370	0.1-<1%	258	257	1	0	0	99.6124	97.8375	99.9315	1	99.6124	99.6124	99.6124	99.6124
WWTP1_ont	0.0370	>=1%	15	15	0	0	0	100.0000	79.6117	100.0000	1	100.0000	100.0000	100.0000	100.0000
WWTP1_ont	0.1110	<0.02%	22	19	0	3	0	86.3636	66.6650	95.2510	1	86.3636	86.3636	86.3636	86.3636
WWTP1_ont	0.1110	0.02-<0.05%	277	267	3	7	0	96.3899	93.4833	98.0274	1	96.3899	96.3899	96.3899	96.3899
WWTP1_ont	0.1110	0.05-<0.1%	250	245	1	4	0	98.0000	95.4044	99.1428	1	98.0000	98.0000	98.0000	98.0000
WWTP1_ont	0.1110	0.1-<1%	239	236	2	1	0	98.7448	96.3752	99.5722	1	98.7448	98.7448	98.7448	98.7448
WWTP1_ont	0.1110	>=1%	7	7	0	0	0	100.0000	64.5670	100.0000	1	100.0000	100.0000	100.0000	100.0000
Zfecal1_ont	0.0040	0.1-<1%	2	2	0	0	0	100.0000	34.2380	100.0000	1	100.0000	100.0000	100.0000	100.0000
Zfecal1_ont	0.0040	>=1%	24	23	1	0	0	95.8333	79.7582	99.2607	1	95.8333	95.8333	95.8333	95.8333
Zfecal1_ont	0.0120	0.1-<1%	92	91	1	0	0	98.9130	94.0972	99.8079	1	98.9130	98.9130	98.9130	98.9130
Zfecal1_ont	0.0120	>=1%	26	24	1	1	0	92.3077	75.8584	97.8645	1	92.3077	92.3077	92.3077	92.3077
Zfecal1_ont	0.0370	0.05-<0.1%	42	42	0	0	0	100.0000	91.6201	100.0000	1	100.0000	100.0000	100.0000	100.0000
Zfecal1_ont	0.0370	0.1-<1%	237	234	3	0	0	98.7342	96.3451	99.5686	1	98.7342	98.7342	98.7342	98.7342
Zfecal1_ont	0.0370	>=1%	13	13	0	0	0	100.0000	77.1905	100.0000	1	100.0000	100.0000	100.0000	100.0000
Zfecal1_ont	0.1110	<0.02%	4	4	0	0	0	100.0000	51.0109	100.0000	1	100.0000	100.0000	100.0000	100.0000
Zfecal1_ont	0.1110	0.02-<0.05%	115	114	1	0	0	99.1304	95.2383	99.8463	1	99.1304	99.1304	99.1304	99.1304
Zfecal1_ont	0.1110	0.05-<0.1%	157	155	1	1	0	98.7261	95.4748	99.6500	1	98.7261	98.7261	98.7261	98.7261
Zfecal1_ont	0.1110	0.1-<1%	266	255	10	1	0	95.8647	92.7480	97.6755	1	95.8647	95.8647	95.8647	95.8647
Zfecal1_ont	0.1110	>=1%	7	7	0	0	0	100.0000	64.5670	100.0000	1	100.0000	100.0000	100.0000	100.0000
